title,company_name,company_link
Application Developer,Bank Mega,https://id.indeed.com//cmp/Bank-Mega
HRIS Developer,Binabusana Internusa,Link is not available
Java Developer,NTT Ltd,Link is not available
Game Developer,Alegrium,Link is not available
Web Developer,1rstWAP,Link is not available
IT Production Support (Jakarta) - remote,Lennor Metier Consulting Philippines,Link is not available
Python Programmer,1rstWAP,Link is not available
Full Stack Developer,IndoSterling Technomedia,Link is not available
IT DATA ENGINEER,PT. Kwadran Lima Mitra Kaya Solusi,Link is not available
(Singapore Corp) Python Software Developer,MatchaTalent,Link is not available
IT WEB DEVELOPER,Ismaya Group,https://id.indeed.com//cmp/Ismaya-Group-1
Senior Back End Developer,Sonar Social Media Monitoring Platform,Link is not available
Full-Stack Developer,DDTC,Link is not available
BACKEND DEVELOPER,Dipstrategy,Link is not available
"C# Software Developer, Trilogy (Remote) - $100,000/year USD",Crossover,Link is not available
ERP Consultant / ERP Implementator,HashMicro,Link is not available
Python Developer,QSI Recruitment,Link is not available
Web Developer,Great Giant Foods,Link is not available
Full Stack Developer,Ensoft,Link is not available
Unity Developer,Alegrium,Link is not available
Web Developer,Binabusana Internusa,Link is not available
Senior Backend Developer,DETIKcom,Link is not available
Business Intelligence Developer,Stockbit-Bibit,Link is not available
Senior Frontend Developer,Ensoft,Link is not available
Backend Developer,Pintek ID,Link is not available
Senior Developer - Network (contract based),Standard Chartered,https://id.indeed.com//cmp/Standard-Chartered-Bank
Business Intelligence Developer E-Commerce,Kompas Gramedia,https://id.indeed.com//cmp/Kompas-Gramedia-Group
IT Developer,MNC,Link is not available
System Administrator,Jawasoft,Link is not available
"Senior Software Developer, Trilogy (Remote) - $100,000/year...",Crossover,Link is not available
IT Engineer,PT Bank Central Asia Tbk,https://id.indeed.com//cmp/PT-Bank-Central-Asia-Tbk
Product Support Engineer,JULO,Link is not available
Back End Developer,Haswara Anjaya Akeh (Haswara Anjaya Akeh) PT,Link is not available
Senior Backend Developer,Schoters,Link is not available
Test Engineer,Quipper,Link is not available
Senior Machine Learning,Alodokter,https://id.indeed.com//cmp/Alodokter-2
Data Engineer,Tokenomy,Link is not available
Data Warehouse Engineer,GO-JEK,https://id.indeed.com//cmp/Pt.-Go--jek-Indonesia-2
Senior Engineering Manager II Remote,Kalibrr,https://id.indeed.com//cmp/Pt.-Kalibrr-Teknologi-Personalia
"Software Engineer, xShop",Coda Payments,Link is not available
Machine Learning Engineer,Nomura Research Institute Indonesia,Link is not available
Golang Developer (Back End),PT Lunaria Annua Teknologi (KoinWorks),Link is not available
ShopeePay QA Engineer [Entry Level] - NEW,Shopee,https://id.indeed.com//cmp/Shopee
Back End Developer,PT Generasi Teknologi Buana,Link is not available
"Engineering and Technology - Back End Engineer, Payment Proc...",Shopee,https://id.indeed.com//cmp/Shopee
Data Warehouse Engineer - GoPay,GO-JEK,https://id.indeed.com//cmp/Pt.-Go--jek-Indonesia-2
Consultant - Intelligent Automation - ID,Deloitte,https://id.indeed.com//cmp/Deloitte
ERP Developer,PT Monotaro Indonesia,Link is not available
"Fullstack Developer - Javascript, Python, Golang, NodeJS, Re...",Michael Page,https://id.indeed.com//cmp/Michael-Page
Technical Operations Engineer,byOrange,Link is not available
SDET (Automation Engineer),FinAccel,Link is not available
Data Engineer (ETL Developer),Lawencon International PT,Link is not available
Back end developer,MNC,Link is not available
Test Engineer,LINE Plus corporation,Link is not available
Engineering and Technology - System Quality Assurance,Shopee,https://id.indeed.com//cmp/Shopee
Technical Consultant Assc.,Mitra Integrasi Informatika,https://id.indeed.com//cmp/Mitra-Integrasi-Informatika
Associate Backend Engineer,KeDA Tech,Link is not available
Senior Data Warehouse Engineer - GoPay,GO-JEK,https://id.indeed.com//cmp/Pt.-Go--jek-Indonesia-2
Engineer: Software Developer,NTT Ltd,Link is not available
Data Engineer,Pintap,Link is not available
Senior Data Warehouse Engineer,GO-JEK,https://id.indeed.com//cmp/Pt.-Go--jek-Indonesia-2
Remote) QA Engineer SDET,Kitabisa.com,Link is not available
ShopeePay QA Engineer [Experienced],Shopee,https://id.indeed.com//cmp/Shopee
ERP Programmer (Odoo Framework),HashMicro,Link is not available
ShopeePay Backend Engineer [Experienced],Shopee,https://id.indeed.com//cmp/Shopee
Sales Engineer,Dynatrace,Link is not available
Software Engineer,Alterra,Link is not available
System Engineering Development,Alodokter,https://id.indeed.com//cmp/Alodokter-2
Database Development Engineer,ATS Global,Link is not available
Finance MIS Analyst - Financial Services,GO-JEK,https://id.indeed.com//cmp/Pt.-Go--jek-Indonesia-2
Backend Developer,PT Quantum Select International,Link is not available
Solutions Architect - Developer Specialist,PT Amazon Web Services IDN,https://id.indeed.com//cmp/Amazon.com
Principal Engineer,Stockbit,Link is not available
IBM Service Associate Program - Application Developer,IBM,https://id.indeed.com//cmp/IBM
ETL Developer,Lawencon,Link is not available
